{
  "fragment/DialogOrders.fragment.xml": 1624914270680,
  "controller/EmployeeDetails.controller.js": 1625521129075,
  "model/json/Employees.json": 1627249867026,
  "model/json/Countries.json": 1627249861540,
  "manifest.json": 1627252780480,
  "model/models.js": 1623191849758,
  "model/formatter.js": 1623191849758,
  "controller/OrderDetails.controller.js": 1627065145615,
  "controller/MasterEmployee.controller.js": 1626894715751,
  "controller/Main.controller.js": 1627251168778,
  "model/json/Layout.json": 1627249871490,
  "controller/Base.controller.js": 1625519754912,
  "controller/App.controller.js": 1624999517625,
  "control/Signature.js": 1626720322142,
  "Component.js": 1623901168853,
  "manifest-bundle.zip": 1627252779924,
  "Component-preload.js": 1627252780381,
  "Component-dbg.js": 1623901168853,
  "model/formatter-dbg.js": 1623191849758,
  "controller/OrderDetails-dbg.controller.js": 1627065145615,
  "controller/MasterEmployee-dbg.controller.js": 1626894715751,
  "controller/Main-dbg.controller.js": 1627251168778,
  "controller/EmployeeDetails-dbg.controller.js": 1625521129075,
  "controller/Base-dbg.controller.js": 1625519754912,
  "controller/App-dbg.controller.js": 1624999517625,
  "control/Signature-dbg.js": 1626720322142,
  "model/models-dbg.js": 1623191849758,
  "resources.json": 1627252780483,
  "view/OrderDetails.view.xml": 1626901176217,
  "view/MasterEmployee.view.xml": 1623699160522,
  "view/Main.view.xml": 1625002574443,
  "view/EmployeeDetails.view.xml": 1625004524383,
  "view/App.view.xml": 1624999575862,
  "fragment/TableOrders.fragment.xml": 1625175856982,
  "fragment/TableEmployees.fragment.xml": 1623901168869,
  "fragment/NewIncidence.fragment.xml": 1624817844235,
  "i18n/i18n.properties": 1626313659826,
  "css/style.css": 1622419308753,
  "index.html": 1625437524802
}